{
  "test_accuracy_at_early_stopping": 0.8286,
  "final_test_accuracy": 0.826,
  "convergence_speed_epochs": 8,
  "best_validation_loss": 0.5405678344985186,
  "generalization_gap_train_test": 0.12691786239521796,
  "total_training_time_seconds": 4336.338555812836,
  "train_losses": [
    1.6605320596122168,
    1.280260224958082,
    1.106996697706503,
    0.9975995147550428,
    0.9075198980781051,
    0.8501441586125005,
    0.7922052477931117,
    0.751074132350114,
    0.7170197607518675,
    0.6892503135734134,
    0.6566851574021417,
    0.6284322322265163,
    0.6118528291627809,
    0.5927975059629561,
    0.5727715373218238,
    0.5641039875713555,
    0.5420635884051567,
    0.5222042157306327,
    0.5083289338616995,
    0.49832232547056926,
    0.48512870726642665,
    0.48245295470541305,
    0.45902867216963666,
    0.46391458223173926,
    0.4397202256295058,
    0.4311303216908071,
    0.4275008418538549,
    0.4203174975183275,
    0.4007722064181491,
    0.4027930563008105,
    0.39659533687718995,
    0.3887766220637628,
    0.38383745350637233,
    0.3660177854491068,
    0.3631159102505034,
    0.3562044384064259,
    0.34548246323525367,
    0.34193691758959144,
    0.3418649922351579,
    0.33607458088312064,
    0.3225444091690911,
    0.32355819436701927,
    0.31274882903149176,
    0.3134207759533559,
    0.30655925902160436,
    0.30010785547283675,
    0.2984168292344869,
    0.2949971711716136,
    0.28714549523574096,
    0.29102711746463544,
    0.2778820777619565,
    0.27373793599260104
  ],
  "val_losses": [
    1.753548092761282,
    1.3077451051291773,
    1.1214500514127441,
    1.1245173771502608,
    0.9335810208724717,
    0.909679824012821,
    0.8628676301341945,
    0.8600794915425576,
    0.7803430486533601,
    0.7918902888136395,
    0.7977957129478455,
    0.6997490929344953,
    0.7164974202544002,
    0.6886914877568261,
    0.6590199581647324,
    0.6535959072032217,
    0.6194070678646282,
    0.6337556187379159,
    0.5973079118688228,
    0.6109172681630668,
    0.6297198534011841,
    0.5974898368625318,
    0.6196403321573289,
    0.6168756353653083,
    0.6262387673733598,
    0.588501060413102,
    0.5851072209366297,
    0.5648018207590458,
    0.5923176554300017,
    0.5691944098068495,
    0.5541724648516057,
    0.5405678344985186,
    0.5780416176480762,
    0.552669934297012,
    0.55841539421324,
    0.5714562858565378,
    0.5853894398374072,
    0.5673651715456429,
    0.5715110312073918,
    0.5642815535351381,
    0.5582797456595857,
    0.5604407767118034,
    0.570684207192922,
    0.5631066868870945,
    0.5444545326596599,
    0.5701927552788945,
    0.5462095101000899,
    0.5630709235951051,
    0.5547454397557146,
    0.5798308606875144,
    0.5676997627242136,
    0.5878267773127152
  ],
  "val_accuracies": [
    0.4609333333333333,
    0.5649333333333333,
    0.6074666666666667,
    0.6056,
    0.6776,
    0.6833333333333333,
    0.7024,
    0.7013333333333334,
    0.7284,
    0.7306666666666667,
    0.7330666666666666,
    0.7553333333333333,
    0.7638666666666667,
    0.7678666666666667,
    0.7737333333333334,
    0.7749333333333334,
    0.7878666666666667,
    0.7850666666666667,
    0.7948,
    0.7944,
    0.7853333333333333,
    0.7988,
    0.794,
    0.7948,
    0.7896,
    0.8034666666666667,
    0.7998666666666666,
    0.8085333333333333,
    0.8088,
    0.8137333333333333,
    0.8168,
    0.8214666666666667,
    0.8129333333333333,
    0.8225333333333333,
    0.8228,
    0.8110666666666667,
    0.8130666666666667,
    0.8156,
    0.8104,
    0.8154666666666667,
    0.8193333333333334,
    0.8252,
    0.8196,
    0.8262666666666667,
    0.8245333333333333,
    0.8213333333333334,
    0.8268,
    0.8258666666666666,
    0.8218666666666666,
    0.8229333333333333,
    0.8234666666666667,
    0.82
  ],
  "per_class_accuracy": {
    "class_0": 0.88,
    "class_1": 0.911,
    "class_2": 0.829,
    "class_3": 0.692,
    "class_4": 0.787,
    "class_5": 0.715,
    "class_6": 0.915,
    "class_7": 0.778,
    "class_8": 0.887,
    "class_9": 0.866
  }
}