{
  "test_accuracy_at_early_stopping": 0.838,
  "final_test_accuracy": 0.8418,
  "convergence_speed_epochs": 8,
  "best_validation_loss": 0.5510265705949169,
  "generalization_gap_train_test": 0.10702564542260906,
  "total_training_time_seconds": 4477.527177095413,
  "train_losses": [
    1.6835991316013508,
    1.313949982146243,
    1.1208577125638097,
    0.9991928394492324,
    0.9068970268553084,
    0.829616306243358,
    0.7676618904680819,
    0.7306273146434589,
    0.6952303176348632,
    0.6578710305619169,
    0.6252648694379194,
    0.6101204506806783,
    0.5822911473723861,
    0.5596860873627592,
    0.5314696296915278,
    0.5228385891284313,
    0.5110010216543982,
    0.4868667072004026,
    0.4901539823851428,
    0.4582489128853824,
    0.4518698674959463,
    0.428318936814059,
    0.4195375984853452,
    0.4173216267570003,
    0.3957288950771183,
    0.3953201179210846,
    0.38278575237090884,
    0.373840087840149,
    0.3670355885236471,
    0.35543971994259693,
    0.37140028760418875,
    0.33569040581270737,
    0.33185889632315246,
    0.3206352278276965,
    0.3311821119831847,
    0.30735790836918464,
    0.30473877874401595,
    0.3073859975055173,
    0.2938379516025205,
    0.27770627390693975,
    0.27974054530576187,
    0.28547874421955227,
    0.26550575334567567,
    0.2578761121174237,
    0.2505385918436466,
    0.26284848151353746,
    0.24040734494949603,
    0.23575188508173367,
    0.23218052724639215,
    0.22563270743105662,
    0.22238026289185425,
    0.2148041649981662,
    0.21264962026396314,
    0.21146211500192905,
    0.20493119742508764,
    0.20214426745702554,
    0.20094140710773412,
    0.19415653114383286,
    0.19460000044053738,
    0.1810252028587344,
    0.1857064945830239,
    0.1778355638409878,
    0.19201630150323157
  ],
  "val_losses": [
    2.306663238396079,
    1.3516669677475752,
    1.1128346475504212,
    1.0306543273440862,
    0.8825018658476361,
    0.8462144035404011,
    0.791488257505126,
    0.8376529600660679,
    0.7575980536008285,
    0.7733546631821131,
    0.7190323259870884,
    0.8040231860290139,
    0.678133184626951,
    0.6688779223773439,
    0.6532978652897528,
    0.6427189455193988,
    0.6210213687460301,
    0.6275400670908265,
    0.6387801165297881,
    0.6143243151195978,
    0.6282543605667049,
    0.619925651509883,
    0.5809029765048269,
    0.5780036070589292,
    0.5709782237723723,
    0.5701474602949821,
    0.5929630247213072,
    0.5751219189773171,
    0.575352799589351,
    0.5771821035166919,
    0.5917184953972444,
    0.5954481388552714,
    0.5832593127832575,
    0.5701520402552718,
    0.6058072851876081,
    0.6015139648974952,
    0.5681759856515012,
    0.5773866272578805,
    0.5940387627836001,
    0.5550447449845782,
    0.6004837508928977,
    0.6138454478676036,
    0.5510265705949169,
    0.5679039409605123,
    0.5985994333938017,
    0.585148899737051,
    0.5798543838121123,
    0.5810767225289749,
    0.560043780480401,
    0.6063318515228013,
    0.6154213037531254,
    0.5855619210307881,
    0.5988819892123595,
    0.6111252464480319,
    0.6207090103525227,
    0.6068907375052824,
    0.6387029547812575,
    0.5769112307136341,
    0.5914906369427503,
    0.6172739474450127,
    0.625375915381868,
    0.5973319886094433,
    0.611099796274961
  ],
  "val_accuracies": [
    0.3844,
    0.5185333333333333,
    0.6105333333333334,
    0.6381333333333333,
    0.6884,
    0.7022666666666667,
    0.7246666666666667,
    0.7106666666666667,
    0.7390666666666666,
    0.7428,
    0.7478666666666667,
    0.7324,
    0.7693333333333333,
    0.7688,
    0.7738666666666667,
    0.7822666666666667,
    0.7926666666666666,
    0.7884,
    0.7846666666666666,
    0.7988,
    0.7929333333333334,
    0.7918666666666667,
    0.8085333333333333,
    0.8114666666666667,
    0.8148,
    0.8128,
    0.8064,
    0.8172,
    0.81,
    0.8128,
    0.8128,
    0.8102666666666667,
    0.8206666666666667,
    0.8214666666666667,
    0.8105333333333333,
    0.8104,
    0.8226666666666667,
    0.8238666666666666,
    0.8188,
    0.8301333333333333,
    0.8173333333333334,
    0.8186666666666667,
    0.8298666666666666,
    0.83,
    0.8301333333333333,
    0.8286666666666667,
    0.8244,
    0.8249333333333333,
    0.8273333333333334,
    0.8274666666666667,
    0.824,
    0.8333333333333334,
    0.8285333333333333,
    0.8293333333333334,
    0.8341333333333333,
    0.8314666666666667,
    0.8216,
    0.8328,
    0.8356,
    0.8309333333333333,
    0.8290666666666666,
    0.838,
    0.8336
  ],
  "per_class_accuracy": {
    "class_0": 0.896,
    "class_1": 0.934,
    "class_2": 0.735,
    "class_3": 0.676,
    "class_4": 0.849,
    "class_5": 0.756,
    "class_6": 0.911,
    "class_7": 0.873,
    "class_8": 0.92,
    "class_9": 0.868
  }
}